id,firstname,lastname,email,country
10,Penelopa,Wolfgram,Penelopa.Wolfgram@yopmail.com,au
11,Kathi,Kiersten,Kathi.Kiersten@yopmail.com,in
12,Minne,Eno,Minne.Eno@yopmail.com,in
13,Ericka,Kat,Ericka.Kat@yopmail.com,au
14,Dania,Frendel,Dania.Frendel@yopmail.com,usa
15,Louella,Randene,Louella.Randene@yopmail.com,au
16,Raf,Faso,Raf.Faso@yopmail.com,au
17,Carmencita,Docilla,Carmencita.Docilla@yopmail.com,uk
18,Tina,Devlen,Tina.Devlen@yopmail.com,usa
19,Catrina,Tufts,Catrina.Tufts@yopmail.com,au